{
    "Policies": [
        {
            "Id": "a400a00b-f67c-42b7-ba9a-f73d8c67e433",
            "Role": "admin",
            "AllowedActions": [
                "UpdateAlarms",
                "DeleteAlarms",
                "CreateDevices",
                "UpdateDevices",
                "DeleteDevices",
                "CreateDeviceGroups",
                "UpdateDeviceGroups",
                "DeleteDeviceGroups",
                "CreateRules",
                "UpdateRules",
                "DeleteRules",
                "CreateJobs",
                "UpdateSIMManagement",
                "AcquireToken",
                "CreateDeployments",
                "DeleteDeployments",
                "CreatePackages",
                "DeletePackages",
                "ReadAll"
            ]
        },
        {
            "Id": "e5bbd0f5-128e-4362-9dd1-8f253c6082d7",
            "Role": "readOnly",
            "AllowedActions": ["ReadAll"]
        }
    ]
}
